{
  "usingComponents": {
    "u-navbar": "/node-modules/uview-ui/components/u-navbar/u-navbar",
    "u--form": "/node-modules/uview-ui/components/u--form/u--form",
    "u-form-item": "/node-modules/uview-ui/components/u-form-item/u-form-item",
    "u--input": "/node-modules/uview-ui/components/u--input/u--input",
    "u-icon": "/node-modules/uview-ui/components/u-icon/u-icon",
    "u-action-sheet": "/node-modules/uview-ui/components/u-action-sheet/u-action-sheet",
    "u-button": "/node-modules/uview-ui/components/u-button/u-button",
    "idea-upload": "/components/idea-upload/idea-upload"
  }
}