{
  "usingComponents": {
    "u-navbar": "/node-modules/uview-ui/components/u-navbar/u-navbar",
    "u--form": "/node-modules/uview-ui/components/u--form/u--form",
    "u-form-item": "/node-modules/uview-ui/components/u-form-item/u-form-item",
    "u--input": "/node-modules/uview-ui/components/u--input/u--input",
    "ideaselect": "/components/ideaselect/ideaselect",
    "ideaslc": "/components/ideaslc/ideaslc",
    "jin-edit": "/components/jin-edit/jin-edit",
    "idea-upload": "/components/idea-upload/idea-upload",
    "file-upload": "/components/file-upload",
    "idea-select": "/components/idea-select",
    "idea-datetime": "/components/idea-datetime"
  }
}